{
  "apiVersion": "1.40",
  "apiList": [
    {
      "name": "example",
      "desc": "範例API",
      "catalog": "範例",
      "url": "API URL",
      "img": "images/example/example.png",
      "params": [
        {
          "name": "param1",
          "desc": "參數-1"
        },
        {
          "name": "param2",
          "desc": "參數-2"
        }
      ],
      "return": {
        "attr1": "回傳值1",
        "attr2": "回傳值2",
        "attrList": [
          {
            "listAttr1": "列表值1",
            "listAttr2": "列表值2"
          }
        ]
      },
      "note": {
        "paramsDesc": "補述參數說明",
        "desc": "這個是補述說明回傳值",
        "returnOptions": [
          {
            "name": "回傳值1",
            "column": "attr1",
            "options": [
              {
                "name": "固定值1",
                "desc": "value1"
              },
              {
                "name": "固定值2",
                "desc": "value2"
              }
            ]
          }
        ],
        "paramsOptions": [
          {
            "name": "參數1",
            "column": "param1",
            "options": [
              {
                "name": "固定值1",
                "desc": "value1"
              },
              {
                "name": "固定值2",
                "desc": "value2"
              }
            ]
          }
        ]
      }
    },
    {
      "name": "exampleCopy",
      "desc": "複製用範例",
      "catalog": "範例",
      "url": "API URL",
      "img": "",
      "params": [],
      "return": {},
      "note": {
        "paramsDesc": "",
        "desc": "",
        "paramsOptions": [],
        "returnOptions": []
      }
    },
    {
      "name": "getCourseList",
      "desc": "取得課程列表",
      "catalog": "共用",
      "url": "/DataServlet?pg=CourseSelectorAjaxPage",
      "img": "images/common/getCourseList.png",
      "params": [
        {
          "name": "sn",
          "desc": "課程編號"
        },
        {
          "name": "name",
          "desc": "課程名稱"
        },
        {
          "name": "catalogId",
          "desc": "課程目錄"
        },
        {
          "name": "page",
          "desc": "頁數"
        }
      ],
      "return": {
        "allRecord": "總數",
        "pageSplit": "一頁單位",
        "list": [
          {
            "id": "編號",
            "sn": "課程編號",
            "name": "課程名稱",
            "type": "課程類別"
          }
        ]
      },
      "note": {
        "desc": "",
        "paramsOptions": [],
        "returnOptions": [
          {
            "name": "課程類別",
            "column": "type",
            "options": [
              {
                "name": "線上",
                "desc": "ONLINE"
              },
              {
                "name": "教室",
                "desc": "OFFLINE"
              }
            ]
          }
        ]
      }
    },
    {
      "name": "getCourseListByIds",
      "desc": "由指定的編號取得課程列表",
      "catalog": "共用",
      "url": "/DataServlet?pg=CourseSelectorAjaxPage",
      "img": "images/example/example.png",
      "params": [
        {
          "name": "ids",
          "desc": "課程編號"
        }
      ],
      "return": {
        "allRecord": "總數",
        "list": [
          {
            "id": "編號",
            "sn": "課程編號",
            "name": "課程名稱",
            "type": "課程類別"
          }
        ]
      },
      "note": {
        "paramsDesc": "<p class=\"text-danger\">* 欄位 ids 為逗號分割 e.g. 1,2,5</p>",
        "desc": "",
        "paramsOptions": [],
        "returnOptions": [
          {
            "name": "課程類別",
            "column": "type",
            "options": [
              {
                "name": "線上",
                "desc": "ONLINE"
              },
              {
                "name": "教室",
                "desc": "OFFLINE"
              }
            ]
          }
        ]
      }
    },
    {
      "name": "getCourseCatalogList",
      "desc": "取得課程目錄列表",
      "catalog": "共用",
      "url": "/DataServlet?pg=CourseSelectorAjaxPage",
      "img": "images/common/getCourseCatalogList.png",
      "params": [
        {
          "name": "catalogId",
          "desc": "課程目錄"
        }
      ],
      "return": {
        "allRecord": "總數",
        "list": [
          {
            "id": "目錄編號",
            "name": "目錄名稱",
            "childCount": "子目錄數量"
          }
        ]
      },
      "note": {
        "desc": "",
        "paramsOptions": [
          {
            "name": "課程目錄",
            "column": "catalogId",
            "options": [
              {
                "name": "取第一層目錄列表",
                "desc": "< 0 OR -1"
              },
              {
                "name": "取指定ID的子目錄列表",
                "desc": "> 0"
              }
            ]
          }
        ],
        "returnOptions": []
      }
    },
    {
      "name": "getFcWarning",
      "desc": "取得金融證照預警物件的資料",
      "catalog": "金融證照預警-管理端",
      "url": "/DataServlet?pg=CertificateAlertAjaxPage",
      "img": "images/financeWarning/getFcWarning.png",
      "params": [
        {
          "name": "id",
          "desc": "金融證照預警 ID"
        }
      ],
      "return": {
        "fcwId": "金融證照預警 ID",
        "fcwName": "金融證照預警名稱",
        "certificateId": "關聯證照 ID",
        "fcwRule": {
          "type": "預警規則類型",
          "lowerBound": "起算年",
          "upperBound": "結算年",
          "period": "週期",
          "trainingDueDate": "年度受訓到期日"
        }
      },
      "note": {
        "desc": "回傳一個金融預警物件",
        "paramsOptions": [],
        "returnOptions": [
          {
            "name": "預警規則類型",
            "column": "fcwRule.type",
            "options": [
              {
                "name": "single",
                "desc": "單次"
              },
              {
                "name": "repeat",
                "desc": "重覆"
              },
              {
                "name": "cycle",
                "desc": "循環"
              }
            ]
          }
        ]
      }
    },
    {
      "name": "addFcWarning",
      "desc": "新增金融證照預警物件",
      "catalog": "金融證照預警-管理端",
      "url": "/DataServlet?pg=CertificateAlertAjaxPage",
      "img": "images/financeWarning/addFcWarning.png",
      "params": [
        {
          "name": "id",
          "desc": "金融證照預警 ID:-9999"
        },
        {
          "name": "name",
          "desc": "金融證照預警名稱"
        },
        {
          "name": "certificateId",
          "desc": "相關證照 ID"
        },
        {
          "name": "ruleType",
          "desc": "預警規則類型"
        },
        {
          "name": "lowerBound",
          "desc": "起算年"
        },
        {
          "name": "upperBound",
          "desc": "結算年"
        },
        {
          "name": "period",
          "desc": "週期"
        }
      ],
      "return": {
        "fcwId": "金融證照預警 ID",
        "fcwName": "金融證照預警名稱",
        "fcwStatus": "金融證照預警狀態",
        "certificateId": "關聯證照 ID",
        "fcwRule": {
          "type": "預警規則類型",
          "lowerBound": "起算年",
          "upperBound": "結算年",
          "period": "週期",
          "trainingDueDate": "年度受訓到期日"
        }
      },
      "note": {
        "desc": "若新增成功，則會回傳一個有意義值的 ID",
        "paramsOptions": [
          {
            "name": "預警規則類型",
            "column": "ruleType",
            "options": [
              {
                "name": "single",
                "desc": "單次"
              },
              {
                "name": "repeat",
                "desc": "重覆"
              },
              {
                "name": "cycle",
                "desc": "循環"
              }
            ]
          }
        ],
        "returnOptions": [
          {
            "name": "",
            "column": "fcwStatus",
            "options": [
              {
                "name": "OPEN",
                "desc": "開啟"
              },
              {
                "name": "CLOSE",
                "desc": "關閉"
              }
            ]
          },
          {
            "name": "預警規則類型",
            "column": "fcwRule.type",
            "options": [
              {
                "name": "Single",
                "desc": "單次"
              },
              {
                "name": "Repeat",
                "desc": "重覆"
              },
              {
                "name": "Cycle",
                "desc": "循環"
              }
            ]
          }
        ]
      }
    },
    {
      "name": "deleteFcWarning",
      "desc": "刪除指定金融證照預警物件",
      "catalog": "金融證照預警-管理端",
      "url": "/DataServlet?pg=CertificateAlertAjaxPage",
      "img": "images/financeWarning/deleteFcWarning.png",
      "params": [
        {
          "name": "id",
          "desc": "金融證照預警物件 ID"
        }
      ],
      "return": {},
      "note": {
        "desc": "會回傳刪除動作是否成功的狀態。若失敗，則會提供失敗訊息。",
        "paramsOptions": [],
        "returnOptions": []
      }
    },
    {
      "name": "updateFcWarning",
      "desc": "更新指定金融證照預警物件的資料",
      "catalog": "金融證照預警-管理端",
      "url": "/DataServlet?pg=CertificateAlertAjaxPage",
      "img": "images/financeWarning/updateFcWarning.png",
      "params": [
        {
          "name": "id",
          "desc": "金融證照預警 ID"
        },
        {
          "name": "name",
          "desc": "金融證照預警名稱"
        },
        {
          "name": "certificateId",
          "desc": "相關證照 ID"
        },
        {
          "name": "ruleType",
          "desc": "規則類型"
        },
        {
          "name": "lowerBound",
          "desc": "起算年"
        },
        {
          "name": "upperBound",
          "desc": "結算年"
        },
        {
          "name": "period",
          "desc": "週期"
        }
      ],
      "return": {
        "fcwId": "金融證照預警 ID",
        "fcwName": "金融證照預警名稱",
        "certificateId": "關聯證照 ID",
        "fcwRule": {
          "type": "預警規則類型",
          "lowerBound": "起算年",
          "upperBound": "結算年",
          "period": "週期",
          "trainingDueDate": "年度受訓到期日"
        }
      },
      "note": {
        "desc": "回傳一個更新資料後的金融預警物件。",
        "paramsOptions": [
          {
            "name": "預警規則類型",
            "column": "fcwRule.type",
            "options": [
              {
                "name": "Single",
                "desc": "單次"
              },
              {
                "name": "Repeat",
                "desc": "重覆"
              },
              {
                "name": "Cycle",
                "desc": "循環"
              }
            ]
          }
        ],
        "returnOptions": [
          {
            "name": "預警規則類型",
            "column": "fcwRule.type",
            "options": [
              {
                "name": "single",
                "desc": "單次"
              },
              {
                "name": "repeat",
                "desc": "重覆"
              },
              {
                "name": "cycle",
                "desc": "循環"
              }
            ]
          }
        ]
      }
    },
    {
      "name": "getStuFcwCertList",
      "desc": "取得我的相關證照列表",
      "catalog": "金融證照預警-學生端",
      "url": "API URL",
      "img": "images/financeWarning/getStuFcwCertList.png",
      "params": [
        {
          "name": "userId",
          "desc": "用戶ID"
        }
      ],
      "return": {
        "certList": {
          "certId": "相關證照ID",
          "certName": "相關證照名稱",
          "warnRuleList": {
            "warnRuleId": "預警規則ID",
            "warnRuleName": "預警規則名稱"
          }
		}
      },
      "note": {
        "desc": "",
        "paramsOptions": [],
        "returnOptions": []
      }
    },
	{
      "name": "getStuFcwWarnRuleList",
      "desc": "取得該相關證照的預警規則列表",
      "catalog": "金融證照預警-學生端",
      "url": "API URL",
      "img": "images/financeWarning/getStuFcwWarnRuleList.png",
      "params": [
        {
          "name": "certId",
          "desc": "相關證照ID"
        }
      ],
      "return": {
        "warnRuleList": {
          "warnRuleId": "預警規則ID",
          "warnRuleName": "預警規則名稱"
        }
      },
      "note": {
        "desc": "",
        "paramsOptions": [],
        "returnOptions": []
      }
    },
    {
      "name": "getStuFcwCourseList",
      "desc": "取得該預警規則的課程列表",
      "catalog": "金融證照預警-學生端",
      "url": "API URL",
      "img": "images/financeWarning/getStuFcwCourseList.png",
      "params": [
	    {
          "name": "userId",
          "desc": "用戶ID"
        },
        {
          "name": "certId",
          "desc": "相關證照ID"
        },
		{
          "name": "warnRuleId",
          "desc": "預警規則ID"
        }
      ],
      "return": {
        "courseList": {
          "courseCategory": "課程類別",
          "courseId": "課程ID",
          "courseNo": "課程編號",
          "courseName": "課程名稱",
          "courseHours": "課程時數",
          "courseType": "課程類型",
		  "requiredHours": "必選時數(小時)-應完成",
          "doneRequiredHours": "必選時數(小時)-已完成",
          "electiveHours": "可選時數(小時)-應完成",
          "doneElectiveHours": "可選時數(小時)-已完成"
        }
      },
      "note": {
        "desc": "",
        "paramsOptions": [],
        "returnOptions": [
          {
            "name": "課程類別",
            "column": "courseCategory",
            "options": [
              {
                "name": "required",
                "desc": "必選"
              },
              {
                "name": "elective",
                "desc": "可選"
              }
            ]
          },
          {
            "name": "課程類型",
            "column": "courseType",
            "options": [
              {
                "name": "online",
                "desc": "線上課程"
              },
              {
                "name": "offline",
                "desc": "教室課程"
              }
            ]
          }
        ]
      }
    },
	{
      "name": "getStuFcwWarnRuleContent",
      "desc": "取得該預警規則的內容",
      "catalog": "金融證照預警-學生端",
      "url": "API URL",
      "img": "images/financeWarning/getStuFcwWarnRuleContent.png",
      "params": [
        {
          "name": "certId",
          "desc": "相關證照ID"
        },
		{
          "name": "warnRuleId",
          "desc": "預警規則ID"
        }
      ],
      "return": {
        "warnRuleContent": {
          "warnRuleType": "預警規則類型",
          "lowerBound": "起算年",
          "upperBound": "結算年",
          "period": "週期"
        }
      },
      "note": {
        "desc": "",
        "paramsOptions": [],
        "returnOptions": [
		  {
            "name": "預警規則類型",
            "column": "warnRuleType",
            "options": [
              {
                "name": "single",
                "desc": "單次"
              },
              {
                "name": "repeat",
                "desc": "重覆"
              },
              {
                "name": "cycle",
                "desc": "循環"
              }
            ]
          }
		]
      }
    },
    {
      "name": "getStuFcwCourseOrder",
      "desc": "取得該課程的課程班次",
      "catalog": "金融證照預警-學生端",
      "url": "API URL",
      "img": "images/financeWarning/getStuFcwCourseOrder.png",
      "params": [
        {
          "name": "courseId",
          "desc": "課程ID"
        }
      ],
      "return": {
        "courseOrderList": {
          "courseName": "課程名稱",
          "courseOrderId": "課程班次ID",
          "courseOrderNo": "課程班次",
          "enrollPeriod": "報名期間",
          "teacherName": "講師",
          "remainingNumber": "尚餘名額",
          "enrollNumber": "報名人數",
          "courseStatus": "狀態"
        }
      },
      "note": {
        "desc": "",
        "paramsOptions": [],
        "returnOptions": [
          {
            "name": "狀態",
            "column": "courseStatus",
            "options": [
              {
                "name": "enroll",
                "desc": "已報名"
              },
              {
                "name": "noenroll",
                "desc": "未報名"
              }
            ]
          }
        ]
      }
    },
    {
      "name": "saveStuFcwCourseEnroll",
      "desc": "預警規則課程 班次報名",
      "catalog": "金融證照預警-學生端",
      "url": "API URL",
      "img": "images/financeWarning/saveStuFcwCourseEnroll.png",
      "params": [
        {
          "name": "userId",
          "desc": "用戶ID"
        },
		{
          "name": "certId",
          "desc": "相關證照ID"
        },
		{
          "name": "warnRuleId",
          "desc": "預警規則ID"
        },
        {
          "name": "courseId",
          "desc": "課程ID"
        },
        {
          "name": "courseOrderId",
          "desc": "課程班次ID"
        }
      ],
      "return": {
      },
      "note": {
        "desc": "回傳報名成功或失敗訊息",
        "paramsOptions": [],
        "returnOptions": []
      }
    },
    {
      "name": "getStudentBlueprint",
      "desc": "取得學生訓練藍圖",
      "catalog": "訓練藍圖─學生端",
      "url": "/DataServlet?pg=TrainingBlueprintAjaxPage",
      "img": "images/trainingBlueprint/getStudentBlueprint.png",
      "params": [],
      "return": {
        "orgJobTitleList": [
          {
            "orgJobTitleId": "部門職稱ID",
            "title": "職稱",
            "status": "學習狀態"
          }
        ]
      },
      "note": {
        "paramsOptions": [],
        "desc": "可能值說明：",
        "returnOptions": [
          {
            "name": "學習狀態",
            "column": "status",
            "options": [
              {
                "name": "0",
                "desc": "已學習或未學習"
              },
              {
                "name": "1",
                "desc": "正在學習"
              }
            ]
          }
        ]
      }
    },
    {
      "name": "getStudentBlueprintDetail",
      "desc": "取得訓練藍圖詳情",
      "catalog": "訓練藍圖─學生端",
      "url": "/DataServlet?pg=TrainingBlueprintAjaxPage",
      "img": "images/trainingBlueprint/getStudentBlueprintDetail.png",
      "params": [
        {
          "name": "orgJobTitleId",
          "desc": "部門職稱ID"
        }
      ],
      "return": {
        "orgName": "部門名稱",
	    "orgJobTitleName": "部門職稱名",
        "abilityList": [
          {
            "abilityId": "指標ID",
            "name": "指標名稱",
            "passScore": "指標分數",
            "actualScore":"學習分數"
          }
        ]
      },
      "note": {
        "paramsOptions": [],
        "returnOptions": []
      }
    },
    {
      "name": "getStudentOrgJobTitleCourseList",
      "desc": "取得學生部門職稱課程列表",
      "catalog": "訓練藍圖─學生端",
      "url": "/DataServlet?pg=TrainingBlueprintAjaxPage",
      "img": "images/trainingBlueprint/getStudentOrgJobTitleCourseList.png",
      "params": [
        {
          "name": "orgJobTitleId",
          "desc": "部門職稱ID"
        }
      ],
      "return": {
        "allRecord": "總數",
        "completeCourseNum": "完成數",
        "list": [
          {
            "name": "課程名稱",
            "type": "課程類型",
            "takeType": "修課類型"
          }
        ]
      },
      "note": {
        "paramsOptions": [],
        "desc": "可能值說明：",
        "returnOptions": [
          {
            "name": "課程類型",
            "column": "type",
            "options": [
              {
                "name": "ONLINE",
                "desc": "線上"
              },
              {
                "name": "OFFLINE",
                "desc": "教室"
              }
            ]
          },
          {
            "name": "修課類型",
            "column": "takeType",
            "options": [
              {
                "name": "ELECTIVE",
                "desc": "可選"
              },
              {
                "name": "COMPULSORY",
                "desc": "必選"
              }
            ]
          }
        ]
      }
    },
    {
      "name": "getStudentAbilityCourseList",
      "desc": "取得學生指標課程列表",
      "catalog": "訓練藍圖─學生端",
      "url": "/DataServlet?pg=TrainingBlueprintAjaxPage",
      "img": "images/trainingBlueprint/getStudentAbilityCourseList.png",
      "params": [
        {
          "name": "abilityId",
          "desc": "指標ID"
        }
      ],
      "return": {
        "list": [
          {
            "name": "課程名稱",
            "type": "課程類型",
            "takeType": "修課類型"
          }
        ]
      },
      "note": {
        "paramsOptions": [],
        "desc": "可能值說明：",
        "returnOptions": [
          {
            "name": "課程類型",
            "column": "type",
            "options": [
              {
                "name": "ONLINE",
                "desc": "線上"
              },
              {
                "name": "OFFLINE",
                "desc": "教室"
              }
            ]
          },
          {
            "name": "修課類型",
            "column": "takeType",
            "options": [
              {
                "name": "ELECTIVE",
                "desc": "可選"
              },
              {
                "name": "COMPULSORY",
                "desc": "必選"
              }
            ]
          }
        ]
      }
    },
    {
      "name": "getChildOrgList",
      "desc": "取得子部門列表",
      "catalog": "共用",
      "url": "/DataServlet?pg=CorpOrgSelectorAjaxPage",
      "img": "images/trainingBlueprint/getChildOrgList.png",
      "params": [
        {
          "name": "parentOrgId",
          "desc": "父部門ID"
        }
      ],
      "return": {
        "orgList": [
          {
            "orgId": "部門ID",
            "orgName": "部門名稱",
            "childOrgCount": "子部門數量"
          }
        ]
      },
      "note": {
        "desc": "",
        "paramsDesc": "根部門的id為-1",
        "returnOptions": [
        ],
        "paramsOptions": [
        ]
      }
    },
    {
      "name": "getAncestorOrgList",
      "desc": "取得祖先部門列表",
      "catalog": "訓練藍圖-管理端",
      "url": "/DataServlet?pg=CorpOrgSelectorAjaxPage",
      "img": "images/trainingBlueprint/getAncestorOrgList.png",
      "params": [
        {
          "name": "orgId",
          "desc": "部門ID"
        }
      ],
      "return": {
        "orgList": [
          {
            "orgId": "部門ID",
            "orgName": "部門名稱"
          }
        ]
      },
      "note": {
        "desc": "",
        "returnOptions": [
        ],
        "paramsOptions": [
        ]
      }
    },
    {
      "name": "getOrgJobTitleList",
      "desc": "取得部門職稱列表",
      "catalog": "訓練藍圖-管理端",
      "url": "/DataServlet?pg=TrainingBlueprintAjaxPage",
      "img": "images/trainingBlueprint/getOrgJobTitleList.png",
      "params": [
        {
          "name": "orgId",
          "desc": "部門ID"
        }
      ],
      "return": {
        "orgJobTitleList": [
          {
            "orgJobTitleId": "部門職稱ID",
            "orgJobTitleName": "部門職稱名"
          }
        ]
      },
      "note": {
        "desc": "",
        "returnOptions": [
        ],
        "paramsOptions": [
        ]
      }
    },
    {
      "name": "sortOrgJobTitle",
      "desc": "排序部門職稱",
      "catalog": "訓練藍圖-管理端",
      "url": "/DataServlet?pg=TrainingBlueprintAjaxPage",
      "img": "images/trainingBlueprint/sortOrgJobTitle.png",
      "params": [
        {
          "name": "orgJobTitleIdArray",
          "desc": "部門職稱ID陣列"
        }
      ],
      "return": {
      },
      "note": {
        "desc": "",
         "paramsDesc": "ex: [111, 222, 333]",
        "returnOptions": [
        ],
        "paramsOptions": [
        ]
      }
    },
    {
      "name": "getJobTitleList",
      "desc": "取得職稱列表",
      "catalog": "共用",
      "url": "/DataServlet?pg=TrainingBlueprintAjaxPage",
      "img": "images/trainingBlueprint/getJobTitleList.png",
      "params": [
        {
          "name": "keyword",
          "desc": "關鍵字"
        },
        {
          "name": "page",
          "desc": "頁數"
        }
      ],
      "return": {
        "allRecord": "總筆數",
        "pageSplit": "一頁單位",
        "jobTitleList": [
          {
            "jobTitleName": "職稱名"
          }
        ]
      },
      "note": {
        "desc": "",
        "returnOptions": [
        ],
        "paramsOptions": [
        ]
      }
    },
    {
      "name": "addOrgJobTitle",
      "desc": "新增部門職稱",
      "catalog": "訓練藍圖-管理端",
      "url": "/DataServlet?pg=TrainingBlueprintAjaxPage",
      "img": "images/trainingBlueprint/addOrgJobTitle.png",
      "params": [
        {
          "name": "orgId",
          "desc": "部門ID"
        },
        {
          "name": "jobTitleName",
          "desc": "職稱名"
        }
      ],
      "return": {
        "orgJobTitleId": "部門職稱ID"
      },
      "note": {
        "desc": "",
        "returnOptions": [
        ],
        "paramsOptions": [
        ]
      }
    },
    {
      "name": "saveOrgJobTitleAbilities",
      "desc": "儲存部門職稱指標",
      "catalog": "訓練藍圖-管理端",
      "url": "/DataServlet?pg=TrainingBlueprintAjaxPage",
      "img": "images/trainingBlueprint/saveOrgJobTitleAbilities.png",
      "params": [
        {
          "name": "orgJobTitleId",
          "desc": "部門職稱ID"
        },
        {
          "name": "orgJobTitleAbilityArray",
          "desc": "部門職稱指標陣列"
        }
      ],
      "return": {
      },
      "note": {
        "desc": "",
        "paramsDesc": "ex: [{'abilityName':'指標555', 'passScore':60}, {'abilityName':'指標666', 'passScore':70}]  (請將單引號換成雙引號)",
        "returnOptions": [
        ],
        "paramsOptions": [
        ]
      }
    },
    {
      "name": "removeOrgJobTitle",
      "desc": "刪除部門職稱",
      "catalog": "訓練藍圖-管理端",
      "url": "/DataServlet?pg=TrainingBlueprintAjaxPage",
      "img": "images/trainingBlueprint/removeOrgJobTitle.png",
      "params": [
        {
          "name": "orgJobTitleId",
          "desc": "部門職稱ID"
        }
      ],
      "return": {
      },
      "note": {
        "desc": "",
        "returnOptions": [
        ],
        "paramsOptions": [
        ]
      }
    },
    {
      "name": "getAbilityList",
      "desc": "取得指標列表",
      "catalog": "訓練藍圖-管理端",
      "url": "/DataServlet?pg=TrainingBlueprintAjaxPage",
      "img": "images/trainingBlueprint/getAbilityList.png",
      "params": [
        {
          "name": "orgJobTitleId",
          "desc": "部門職稱ID"
        }
      ],
      "return": {
        "jobTitleAbility":[{"abilityId":"指標ID", "abilityName":"指標名稱", "passScore":"指標分數"}]
      },
      "note": {
        "desc": "",
        "returnOptions": [
        ],
        "paramsOptions": [
        ]
      }
    },
    {
      "name": "getAbilityCourseList",
      "desc": "取得指標課程列表",
      "catalog": "訓練藍圖-管理端",
      "url": "/DataServlet?pg=TrainingBlueprintAjaxPage",
      "img": "images/trainingBlueprint/getAbilityCourseList.png",
      "params": [
        {
          "name": "abilityId",
          "desc": "指標ID"
        },
        {
          "name": "orgJobTitleId",
          "desc": "部門職稱ID"
        },
        {
          "name": "page",
          "desc": "頁數"
        }
      ],
      "return": {
        "allRecord": "總數",
        "pageSplit": "一頁單位",
        "list": [
          {
            "courseId": "課程ID",
            "sn": "課程編號",
            "name": "課程名稱",
            "type": "課程類別",
            "takeType": "修課類型",
            "abilityArray": [
              {
                "abilityId": "指標ID",
                "abilityName": "指標名稱"
              }
            ]
          }
        ]
      },
      "note": {
        "paramsDesc": "部門職稱ID(如果要取得此職稱下所有課程，不需要帶指標ID。)",
        "desc": "",
        "returnOptions": [
          {
            "name": "課程類別",
            "column": "type",
            "options": [
              {
                "name": "ONLINE",
                "desc": "線上"
              },
              {
                "name": "OFFLINE",
                "desc": "教室"
              }
            ]
          },
          {
            "name": "修課類型",
            "column": "takeType",
            "options": [
              {
                "name": "ELECTIVE",
                "desc": "可選"
              },
              {
                "name": "COMPULSORY",
                "desc": "必選"
              }
            ]
          }
        ],
        "paramsOptions": [
        ]
      }
    },
    {
      "name": "saveAbility",
      "desc": "儲存指標",
      "catalog": "訓練藍圖-管理端",
      "url": "/DataServlet?pg=TrainingBlueprintAjaxPage",
      "img": "images/trainingBlueprint/saveAbility.png",
      "params": [
        {
          "name": "abilityId",
          "desc": "指標ID"
        },
        {
          "name": "abilityName",
          "desc": "指標名稱"
        },
        {
          "name": "passScore",
          "desc": "指標分數"
        }
      ],
      "return": {
      },
      "note": {
        "desc": "",
        "returnOptions": [
        ],
        "paramsOptions": [
        ]
      }
    },
    {
      "name": "removeOrgJobTitleCourse",
      "desc": "刪除部門職稱課程",
      "catalog": "訓練藍圖-管理端",
      "url": "/DataServlet?pg=TrainingBlueprintAjaxPage",
      "img": "images/trainingBlueprint/removeOrgJobTitleCourse.png",
      "params": [
        {
          "name": "orgJobTitleId",
          "desc": "部門職稱ID"
        },
        {
          "name": "courseId",
          "desc": "課程ID"
        }
      ],
      "return": {
      },
      "note": {
        "desc": "",
        "returnOptions": [
        ],
        "paramsOptions": [
        ]
      }
    },
    {
      "name": "addOrgJobTitleCourse",
      "desc": "新增部門職稱課程",
      "catalog": "訓練藍圖-管理端",
      "url": "/DataServlet?pg=TrainingBlueprintAjaxPage",
      "img": "images/trainingBlueprint/editOrgJobTitleCourse.png",
      "params": [
        {
          "name": "courseId",
          "desc": "課程ID"
        },
        {
          "name": "takeType",
          "desc": "必選可選"
        },
        {
          "name": "abilityIdArray",
          "desc": "指標ID陣列"
        }
      ],
      "return": {
      },
      "note": {
        "desc": "",
        "paramsDesc": "<p class=\"text-danger\">* abilityIdArray(指標ID陣列) 格式範例: [1,2,3]</p>",
        "returnOptions": [],
        "paramsOptions": [
          {
            "name": "修課類型",
            "column": "takeType",
            "options": [
              {
                "name": "ELECTIVE",
                "desc": "可選"
              },
              {
                "name": "COMPULSORY",
                "desc": "必選"
              }
            ]
          }
        ]
      }
    },
    {
      "name": "editOrgJobTitleCourse",
      "desc": "修改部門職稱課程",
      "catalog": "訓練藍圖-管理端",
      "url": "/DataServlet?pg=TrainingBlueprintAjaxPage",
      "img": "images/trainingBlueprint/editOrgJobTitleCourse.png",
      "params": [
        {
          "name": "courseId",
          "desc": "課程ID"
        },
        {
          "name": "takeType",
          "desc": "必選可選"
        },
        {
          "name": "abilityIdArray",
          "desc": "指標ID陣列"
        }
      ],
      "return": {
      },
      "note": {
        "desc": "",
        "paramsDesc": "<p class=\"text-danger\">* abilityIdArray(指標ID陣列) 格式範例: [1,2,3]</p>",
        "returnOptions": [],
        "paramsOptions": [
          {
            "name": "修課類型",
            "column": "takeType",
            "options": [
              {
                "name": "ELECTIVE",
                "desc": "可選"
              },
              {
                "name": "COMPULSORY",
                "desc": "必選"
              }
            ]
          }
        ]
      }
    },
    {
      "name": "saveClassCosts",
      "desc": "儲存班次成本設定",
      "catalog": "訓練成本管理",
      "url": "/xq?pg=x2b_oocourse_edit&tg=CourseAdm-classClosed&cx=22.30018",
      "img": "images/trainingCosts/saveClassCosts.png",
      "params": [
        {
          "name": "courseId",
          "desc": "課程ID"
        },
        {
          "name": "classId",
          "desc": "班次ID"
        },
        {
          "name": "isCloseCase",
          "desc": "是否結案"
        },
        {
          "name": "lecturerFee",
          "desc": "講師費"
        },
        {
          "name": "diningFee",
          "desc": "餐飲費"
        },
        {
          "name": "lecturerTrafficFee",
          "desc": "講師交通費"
        },
        {
          "name": "lodgingExpense",
          "desc": "住宿費"
        },
        {
          "name": "siteCost",
          "desc": "場地費"
        },
        {
          "name": "textbookFee",
          "desc": "教材費"
        },
        {
          "name": "otherExpenses",
          "desc": "其他費用"
        }
      ],
      "return": {
      },
      "note": {
        "desc": "",
        "returnOptions": [
        ],
        "paramsOptions": [
        ]
      }
    },
    {
      "name": "getCourses",
      "desc": "取得與指定金融證照預警相關的課程列表",
      "catalog": "金融證照預警-管理端",
      "url": "/DataServlet?pg=CertificateAlertAjaxPage",
      "img": "images/financeWarning/getCourses.png",
      "params": [
        {
          "name": "fcwId",
          "desc": "金融證照預警 Id"
        },
        {
          "name": "relationType",
          "desc": "關聯類型"
        }
      ],
      "return": {
        "fcwId": "金融證照預警 ID",
        "relationType": "關聯類型",
        "list": [
          {
            "courseId": "課程 Id",
            "courseName": "課程名稱",
            "courseType": "課程類型",
            "courseSN": "課程編號",
            "learningTime": "學習時數"
          }
        ]
      },
      "note": {
        "paramsDesc": "",
        "desc": "課程的學習時數是經過無條件捨去後的數值",
        "paramsOptions": [
          {
            "name": "關聯類型",
            "column": "relationType",
            "options": [
              {
                "name": "required",
                "desc": "必選類型"
              },
              {
                "name": "elective",
                "desc": "可選類型"
              }
            ]
          }
        ],
        "returnOptions": [
          {
            "name": "關聯類型",
            "column": "relationType",
            "options": [
              {
                "name": "required",
                "desc": "必選類型"
              },
              {
                "name": "elective",
                "desc": "可選類型"
              }
            ]
          },
          {
            "name": "課程類型",
            "column": "courseType",
            "options": [
              {
                "name": "online",
                "desc": "線上"
              },
              {
                "name": "offline",
                "desc": "教室"
              }
            ]
          }
        ]
      }
    },
    {
      "name": "addCourses",
      "desc": "加入課程並與證照預警建立關係",
      "catalog": "金融證照預警-管理端",
      "url": "/DataServlet?pg=CertificateAlertAjaxPage",
      "img": "images/financeWarning/addCourses.png",
      "params": [
        {
          "name": "fcwId",
          "desc": "金融證照預警 Id"
        },
        {
          "name": "courseIds",
          "desc": "課程 Id 列表"
        },
        {
          "name": "relationType",
          "desc": "關聯類型"
        }
      ],
      "return": {
        "relationType": "關聯類型",
        "totalTime": "所有課程之總學習時間"
      },
      "note": {
        "paramsDesc": "課程 ID 列表來自課程選擇器",
        "desc": "總學習時間為所有課程之學習時數，經由無條件捨去後再進行加總",
        "paramsOptions": [
          {
            "name": "關聯類型",
            "column": "relationType",
            "options": [
              {
                "name": "required",
                "desc": "必選類型"
              },
              {
                "name": "elective",
                "desc": "可選類型"
              }
            ]
          }
        ],
        "returnOptions": []
      }
    },
    {
      "name": "deleteCourse",
      "desc": "刪除指定課程",
      "catalog": "金融證照預警-管理端",
      "url": "/DataServlet?pg=CertificateAlertAjaxPage",
      "img": "images/financeWarning/deleteCourse.png",
      "params": [
        {
          "name": "fcwId",
          "desc": "金融證照預警 Id"
        },
        {
          "name": "relationType",
          "desc": "關聯類型"
        },
        {
          "name": "courseId",
          "desc": "課程 ID"
        }
      ],
      "return": {},
      "note": {
        "paramsDesc": "",
        "desc": "執行狀態與執行訊息由既定 Server Ajax Response 框架取得",
        "paramsOptions": [
          {
            "name": "關聯類型",
            "column": "relationType",
            "options": [
              {
                "name": "required",
                "desc": "必選類型"
              },
              {
                "name": "elective",
                "desc": "可選類型"
              }
            ]
          }
        ],
        "returnOptions": []
      }
    },
    {
      "name": "updateCompleteTime",
      "desc": "更新必須完成之時數底限",
      "catalog": "金融證照預警-管理端",
      "url": "/DataServlet?pg=CertificateAlertAjaxPage",
      "img": "images/financeWarning/updateCompleteTime.png",
      "params": [
        {
          "name": "fcwId",
          "desc": "金融證照預警 Id"
        },
        {
          "name": "relationType",
          "desc": "關聯類型"
        },
        {
          "name": "timeRequired",
          "desc": "必須完成之時數底限"
        }
      ],
      "return": {},
      "note": {
        "paramsDesc": "<ul><li>必須完成之時數底限必須小於等於所有關聯課程學習時數的總和.</li><li>關聯課程之學習時數為無條件捨去(Server 處理)</li></ul>",
        "desc": "執行狀態與執行訊息由既定 Server Ajax Response 框架取得",
        "paramsOptions": [
          {
            "name": "關聯類型",
            "column": "relationType",
            "options": [
              {
                "name": "required",
                "desc": "必選類型"
              },
              {
                "name": "elective",
                "desc": "可選類型"
              }
            ]
          }
        ],
        "returnOptions": []
      }
    },
    {
      "name": "getFcWarningList",
      "desc": "取得金融證照預警列表",
      "catalog": "金融證照預警-管理端",
      "url": "/DataServlet?pg=CertificateAlertAjaxPage",
      "img": "images/financeWarning/getFcWarningList.png",
      "params": [
        {
          "name": "keyName",
          "desc": "預警名稱關鍵字"
        },
        {
          "name": "certificateId",
          "desc": "關聯證照 ID"
        }
      ],
      "return": {
        "alertList": [
          {
            "fcwId": "金融證照預警 ID",
            "fcwName": "金融證照預警名稱",
            "fcwRuleType": "金融證照預警類型",
            "fcwRuleLowerBound": "規則起算年",
            "fcwRuleUpperBound": "規則結算年",
            "fcwRulePeriod": "規則週期",
            "fcwStatus": "金融證照預警狀態",
            "ctfId": "關聯金融證照 Id",
            "ctfName": "關聯金融證照名稱",
            "requiredTime": "必選時數",
            "electiveTime": "可選時數",
            "electiveTimeRequired": "必須完成之可選時數"
          }
        ]
      },
      "note": {
        "paramsDesc": "",
        "desc": "",
        "paramsOptions": [],
        "returnOptions": [
          {
            "name": "金融證照預警類型",
            "column": "fcwRuleType",
            "options": [
              {
                "name": "single",
                "desc": "單次"
              },
              {
                "name": "repeat",
                "desc": "重覆"
              },
              {
                "name": "cycle",
                "desc": "循環"
              }
            ]
          },
          {
            "name": "金融證照預警狀態",
            "column": "fcwStatus",
            "options": [
              {
                "name": "open",
                "desc": "開啟"
              },
              {
                "name": "close",
                "desc": "關閉"
              }
            ]
          }
        ]
      }
    },
    {
      "name": "updateFcWarningSetting",
      "desc": "更新金融證照預警設定",
      "catalog": "金融證照預警-管理端",
      "url": "/DataServlet?pg=CertificateAlertAjaxPage",
      "img": "images/financeWarning/updateFcWarningSetting.png",
      "params": [
        {
          "name": "month",
          "desc": "年度受訓到期月份"
        },
        {
          "name": "day",
          "desc": "年度受訓到期日期"
        },
        {
          "name": "isCustom",
          "desc": "自訂年度受訓日期"
        },
        {
          "name": "countdownDays",
          "desc": "預警通知倒數天數"
        },
        {
          "name": "isOpening",
          "desc": "預警通知啟用狀態"
        }
      ],
      "return": {},
      "note": {
        "paramsDesc": "",
        "desc": "執行狀態與執行訊息由既定 Server Ajax Response 框架取得",
        "paramsOptions": [
          {
            "name": "自訂年度受訓日期",
            "column": "isCustom",
            "options": [
              {
                "name": "true",
                "desc": "開啟"
              },
              {
                "name": "false",
                "desc": "關閉"
              }
            ]
          },
          {
            "name": "預警通知啟用狀態",
            "column": "isOpening",
            "options": [
              {
                "name": "true",
                "desc": "開啟"
              },
              {
                "name": "false",
                "desc": "關閉"
              }
            ]
          }
        ],
        "returnOptions": []
      }
    },
    {
      "name": "getFcWarningSetting",
      "desc": "取得金融證照預警設定",
      "catalog": "金融證照預警-管理端",
      "url": "/DataServlet?pg=CertificateAlertAjaxPage",
      "img": "images/financeWarning/getFcWarningSetting.png",
      "params": [],
      "return": {
        "month": "自訂年度受訓到期月份",
        "day": "自訂年度受訓到期日期",
        "isCustom": "自訂年度受訓到期日開關",
        "countdownDays": "預警通知倒數天數",
        "isOpening": "預警通知啟用狀態"
      },
      "note": {
        "paramsDesc": "",
        "desc": "執行狀態與執行訊息由既定 Server Ajax Response 框架取得.",
        "paramsOptions": [],
        "returnOptions": [
          {
            "name": "自訂年度受訓日期",
            "column": "isCustom",
            "options": [
              {
                "name": "true",
                "desc": "開啟"
              },
              {
                "name": "false",
                "desc": "關閉"
              }
            ]
          },
          {
            "name": "預警通知啟用狀態",
            "column": "isOpening",
            "options": [
              {
                "name": "true",
                "desc": "開啟"
              },
              {
                "name": "false",
                "desc": "關閉"
              }
            ]
          }
        ]
      }
    },
    {
      "name": "getCertificates",
      "desc": "取得金融證照列表",
      "catalog": "金融證照預警-管理端",
      "url": "/DataServlet?pg=CertificateAlertAjaxPage",
      "img": "",
      "params": [],
      "return": {
        "certificates": [
          {
            "id": "金融證照 ID",
            "name": "金融證照名稱"
          }
        ]
      },
      "note": {
        "paramsDesc": "",
        "desc": "",
        "paramsOptions": [],
        "returnOptions": []
      }
    }
  ]
}
